{"nextId":12,"logins":[{"id":1,"hostname":"https://myaccount.google.com","httpRealm":null,"formSubmitURL":"https://myaccount.google.com","usernameField":"username","passwordField":"password","encryptedUsername":"MEIEEPgAAAAAAAAAAAAAAAAAAAEwFAYIKoZIhvcNAwcECJ6U2a1uRRnBBBiSHiqJZH821dYOVD3cIs1lbxkaw5G9Uhs=","encryptedPassword":"MDoEEPgAAAAAAAAAAAAAAAAAAAEwFAYIKoZIhvcNAwcECKCq+mJ9CGQQBBBJt9OXOY/U06lx03UFn2oa","guid":"{f3a11616-944e-48cd-a437-807a0ff8642a}","encType":1,"timeCreated":1603778918070,"timeLastUsed":1603778918070,"timePasswordChanged":1603778918070,"timesUsed":1},{"id":2,"hostname":"https://myaccount.google.com","httpRealm":null,"formSubmitURL":"https://myaccount.google.com","usernameField":"username","passwordField":"password","encryptedUsername":"MEoEEPgAAAAAAAAAAAAAAAAAAAEwFAYIKoZIhvcNAwcECHNv9if6IlU2BCDIUbrV93vedtpJrvsWMt7vszDuh6foVji7X29xQ91Imw==","encryptedPassword":"MDoEEPgAAAAAAAAAAAAAAAAAAAEwFAYIKoZIhvcNAwcECDt3tpCddkylBBCawMhj5mbher5Rn3/Tb7EI","guid":"{8ce9c2b1-fc1e-405a-b245-514ec0384ac8}","encType":1,"timeCreated":1603779265073,"timeLastUsed":1603779265073,"timePasswordChanged":1603779265073,"timesUsed":1},{"id":3,"hostname":"https://accounts.google.com","httpRealm":null,"formSubmitURL":"https://accounts.google.com","usernameField":"identifier","passwordField":"password","encryptedUsername":"MEIEEPgAAAAAAAAAAAAAAAAAAAEwFAYIKoZIhvcNAwcECKvtA65/q3i0BBg6Gln6iDGQKNeWjjsyZaYLCsv295uLHK8=","encryptedPassword":"MDoEEPgAAAAAAAAAAAAAAAAAAAEwFAYIKoZIhvcNAwcECLWhnb7RYic9BBBiWs0ll+PhxJYLmxU36hsq","guid":"{36387df1-4aa2-459c-b357-fc4532045e5c}","encType":1,"timeCreated":1603779509559,"timeLastUsed":1603779527757,"timePasswordChanged":1603779509559,"timesUsed":2},{"id":4,"hostname":"https://myaccount.google.com","httpRealm":null,"formSubmitURL":"https://myaccount.google.com","usernameField":"username","passwordField":"password","encryptedUsername":"MEoEEPgAAAAAAAAAAAAAAAAAAAEwFAYIKoZIhvcNAwcECE4lJ6iFwjfvBCB3iik2C3MkmTKSqAMR74XV5qjCqIAAVK3IpD87jJOLoQ==","encryptedPassword":"MDoEEPgAAAAAAAAAAAAAAAAAAAEwFAYIKoZIhvcNAwcECAOlt0oVUQKpBBCynQZu+hifOwPG8+hRkGHO","guid":"{429ff4a0-0ba5-42dd-9891-4e44fb817092}","encType":1,"timeCreated":1603779589701,"timeLastUsed":1603779589701,"timePasswordChanged":1603779589701,"timesUsed":1},{"id":5,"hostname":"https://accounts.google.com","httpRealm":null,"formSubmitURL":"https://accounts.google.com","usernameField":"identifier","passwordField":"password","encryptedUsername":"MEoEEPgAAAAAAAAAAAAAAAAAAAEwFAYIKoZIhvcNAwcECJ9zoZrASlBhBCCoSn4goT1gmMBlKukOqYG6UtCkpTbU1upeFsdifCAVOg==","encryptedPassword":"MDoEEPgAAAAAAAAAAAAAAAAAAAEwFAYIKoZIhvcNAwcECHn6tPZ/ucIMBBCfpHCreS6Tg1rHCSIAI1BC","guid":"{317d99dc-faa4-4da1-bd3d-4d2673bedb09}","encType":1,"timeCreated":1603779599937,"timeLastUsed":1603779599937,"timePasswordChanged":1603779599937,"timesUsed":1},{"id":6,"hostname":"https://accounts.google.com","httpRealm":null,"formSubmitURL":"https://accounts.google.com","usernameField":"identifier","passwordField":"password","encryptedUsername":"MDoEEPgAAAAAAAAAAAAAAAAAAAEwFAYIKoZIhvcNAwcECKn2bPSHLjtOBBBQNpU3HHACk16SWzvxUAj0","encryptedPassword":"MEIEEPgAAAAAAAAAAAAAAAAAAAEwFAYIKoZIhvcNAwcECHngGPF+/AvLBBgChvDUliYnREFRxXIajtl7+N17Sli3uns=","guid":"{2bb10963-f034-404c-8760-067147c97e1a}","encType":1,"timeCreated":1603779661612,"timeLastUsed":1603779661612,"timePasswordChanged":1603779661612,"timesUsed":1},{"id":7,"hostname":"https://myaccount.google.com","httpRealm":null,"formSubmitURL":"https://myaccount.google.com","usernameField":"username","passwordField":"password","encryptedUsername":"MEoEEPgAAAAAAAAAAAAAAAAAAAEwFAYIKoZIhvcNAwcECE9+ca243B9SBCBGuFzjCta97qq/uCryyYmkQgfLuLBoJy7ts2/O8enItg==","encryptedPassword":"MDoEEPgAAAAAAAAAAAAAAAAAAAEwFAYIKoZIhvcNAwcECFLIeiDqJfbjBBDjUxJZUaQuDPVlABCXdk0A","guid":"{284e7663-f251-4b30-894f-c8abfd77de21}","encType":1,"timeCreated":1603780197168,"timeLastUsed":1603780197168,"timePasswordChanged":1603780197168,"timesUsed":1},{"id":8,"hostname":"https://myaccount.google.com","httpRealm":null,"formSubmitURL":"https://myaccount.google.com","usernameField":"username","passwordField":"password","encryptedUsername":"MEIEEPgAAAAAAAAAAAAAAAAAAAEwFAYIKoZIhvcNAwcECBLwSPf7gBI7BBiv5ZGRgHL6PSYk/yrwgMCoHgMpcrKryWE=","encryptedPassword":"MDoEEPgAAAAAAAAAAAAAAAAAAAEwFAYIKoZIhvcNAwcECH5SllgKDQwsBBCFuOBeT3oLNhl1VAVhezVH","guid":"{c50b3d83-489e-452c-8420-81c671cc029d}","encType":1,"timeCreated":1603780312851,"timeLastUsed":1603780312851,"timePasswordChanged":1603780312851,"timesUsed":1},{"id":9,"hostname":"https://myaccount.google.com","httpRealm":null,"formSubmitURL":"https://myaccount.google.com","usernameField":"username","passwordField":"password","encryptedUsername":"MEIEEPgAAAAAAAAAAAAAAAAAAAEwFAYIKoZIhvcNAwcECA6yJV2mtZu7BBhMF0Ku3dxaVHhSFAPZ80mokmyrZSNfd/8=","encryptedPassword":"MDoEEPgAAAAAAAAAAAAAAAAAAAEwFAYIKoZIhvcNAwcECODgaakFH33FBBCzNcruW7WNrPUmoOs1XdMe","guid":"{8ebd8175-a41f-4582-a835-b0a8b2b814b7}","encType":1,"timeCreated":1603780511014,"timeLastUsed":1603780511014,"timePasswordChanged":1603780511014,"timesUsed":1},{"id":10,"hostname":"https://myaccount.google.com","httpRealm":null,"formSubmitURL":"https://myaccount.google.com","usernameField":"username","passwordField":"password","encryptedUsername":"MEoEEPgAAAAAAAAAAAAAAAAAAAEwFAYIKoZIhvcNAwcECKsaaq74+g6mBCDUpoU2BRD3tMcveUt+QRbAfWPS1/0VAE3vVGOdc/C5JA==","encryptedPassword":"MDoEEPgAAAAAAAAAAAAAAAAAAAEwFAYIKoZIhvcNAwcECFe5pLAUv2IpBBDbpVCEKjHXfgw07xgulcom","guid":"{8ff6a4cb-b6c9-41f3-96c3-ed894458c2bc}","encType":1,"timeCreated":1603780735193,"timeLastUsed":1603780735193,"timePasswordChanged":1603780735193,"timesUsed":1},{"id":11,"hostname":"https://myaccount.google.com","httpRealm":null,"formSubmitURL":"https://myaccount.google.com","usernameField":"username","passwordField":"password","encryptedUsername":"MEIEEPgAAAAAAAAAAAAAAAAAAAEwFAYIKoZIhvcNAwcECM7SuBmQhaTMBBi8TThVORPce5iNFMSsW3pu3fjf85H1iu0=","encryptedPassword":"MDoEEPgAAAAAAAAAAAAAAAAAAAEwFAYIKoZIhvcNAwcECCOJ2N2D/2CjBBDXdFSvjqdvCOTZKAREns9n","guid":"{3f914b85-4094-435f-945c-d7a7c8efbafa}","encType":1,"timeCreated":1603781682750,"timeLastUsed":1603781682750,"timePasswordChanged":1603781682750,"timesUsed":1}],"potentiallyVulnerablePasswords":[],"dismissedBreachAlertsByLoginGUID":{},"version":3}