{"nextId":3,"logins":[{"id":1,"hostname":"https://accounts.google.com","httpRealm":null,"formSubmitURL":"https://accounts.google.com","usernameField":"Username","passwordField":"Passwd","encryptedUsername":"MEIEEPgAAAAAAAAAAAAAAAAAAAEwFAYIKoZIhvcNAwcECL8Nct614MD/BBhrUfql4fMHkmsYo1Y9KR1svJtTZrSPjuI=","encryptedPassword":"MDoEEPgAAAAAAAAAAAAAAAAAAAEwFAYIKoZIhvcNAwcECIHbGvLiF/w5BBCPRodNkzFctW/iT8J9kYpQ","guid":"{975d49ce-9a72-4918-9284-db1e38df9c94}","encType":1,"timeCreated":1600820844123,"timeLastUsed":1600820844123,"timePasswordChanged":1600986369278,"timesUsed":1},{"id":2,"hostname":"https://accounts.google.com","httpRealm":null,"formSubmitURL":"https://accounts.google.com","usernameField":"identifier","passwordField":"password","encryptedUsername":"MEIEEPgAAAAAAAAAAAAAAAAAAAEwFAYIKoZIhvcNAwcECINbO3wGQj9oBBjb1ID8LWPoRvix6EKNKjN94t8tVMem6Yo=","encryptedPassword":"MDoEEPgAAAAAAAAAAAAAAAAAAAEwFAYIKoZIhvcNAwcECLqo0ZDBLm1HBBD3dzf0o6elyWG7lvl1/tOQ","guid":"{b43dfe61-e463-4e5c-be0c-e113bfb9a69b}","encType":1,"timeCreated":1603623372484,"timeLastUsed":1603623372484,"timePasswordChanged":1603623372484,"timesUsed":1}],"potentiallyVulnerablePasswords":[],"dismissedBreachAlertsByLoginGUID":{},"version":3}