{"nextId":2,"logins":[{"id":1,"hostname":"https://accounts.google.com","httpRealm":null,"formSubmitURL":"https://accounts.google.com","usernameField":"Username","passwordField":"Passwd","encryptedUsername":"MEIEEPgAAAAAAAAAAAAAAAAAAAEwFAYIKoZIhvcNAwcECL8Nct614MD/BBhrUfql4fMHkmsYo1Y9KR1svJtTZrSPjuI=","encryptedPassword":"MDoEEPgAAAAAAAAAAAAAAAAAAAEwFAYIKoZIhvcNAwcECIHbGvLiF/w5BBCPRodNkzFctW/iT8J9kYpQ","guid":"{975d49ce-9a72-4918-9284-db1e38df9c94}","encType":1,"timeCreated":1600820844123,"timeLastUsed":1600820844123,"timePasswordChanged":1600986369278,"timesUsed":1}],"potentiallyVulnerablePasswords":[],"dismissedBreachAlertsByLoginGUID":{},"version":3}