{"experiments":{"bug-1626481-pref-feature-impact-study-for-enhanced-tracking-protec-release-72-80":{"slug":"bug-1626481-pref-feature-impact-study-for-enhanced-tracking-protec-release-72-80","actionName":"PreferenceExperimentAction","branch":"control","expired":false,"lastSeen":"2020-09-24T21:57:26.748Z","preferences":{"browser.search.param.google_channel_us":{"preferenceType":"string","preferenceValue":"cus2","preferenceBranchType":"default","previousPreferenceValue":null},"browser.search.param.google_channel_row":{"preferenceType":"string","preferenceValue":"crow2","preferenceBranchType":"default","previousPreferenceValue":null},"privacy.annotate_channels.strict_list.enabled":{"preferenceType":"boolean","preferenceValue":false,"preferenceBranchType":"default","previousPreferenceValue":false},"urlclassifier.trackingAnnotationTable.testEntries":{"preferenceType":"string","preferenceValue":"etp-experiment-2.dummytracker.org","preferenceBranchType":"default","previousPreferenceValue":null}},"experimentType":"exp","userFacingName":"ETP Level 2 study","userFacingDescription":"This study is examining the effects of Enhanced Tracking Protection Level 2.","enrollmentId":"0c8bdb7e-b4ef-4dab-afa4-62c575c0c8ca","temporaryErrorDeadline":null}}}