{"nextId":2,"logins":[{"id":1,"hostname":"https://youbroadband.in","httpRealm":null,"formSubmitURL":"https://youbroadband.in","usernameField":"mobileno","passwordField":"password","encryptedUsername":"MDIEEPgAAAAAAAAAAAAAAAAAAAEwFAYIKoZIhvcNAwcECMEp4MP2h7ptBAhAcfi5GakmSA==","encryptedPassword":"MDoEEPgAAAAAAAAAAAAAAAAAAAEwFAYIKoZIhvcNAwcECGl/KeVJCc2EBBAwTFhcqdPXpawHiR2Tv2xk","guid":"{4b470e33-1591-4672-b6e7-85113ccb2b75}","encType":1,"timeCreated":1601010922201,"timeLastUsed":1601010922201,"timePasswordChanged":1601010922201,"timesUsed":1}],"potentiallyVulnerablePasswords":[],"dismissedBreachAlertsByLoginGUID":{},"version":3}