{"nextId":10,"logins":[{"id":1,"hostname":"https://myaccount.google.com","httpRealm":null,"formSubmitURL":"https://myaccount.google.com","usernameField":"username","passwordField":"password","encryptedUsername":"MEoEEPgAAAAAAAAAAAAAAAAAAAEwFAYIKoZIhvcNAwcECH243LvFXCxiBCBdSxsU/4wWIJiDCewznGmt91i1fe2fZ3/mQOOlsPCsGA==","encryptedPassword":"MDoEEPgAAAAAAAAAAAAAAAAAAAEwFAYIKoZIhvcNAwcECFaiBZ92rpNgBBBMOnuLb3Y5zo7Cb3/6Vowf","guid":"{32cc6e65-8496-4016-8743-f7486ebe70a4}","encType":1,"timeCreated":1603776477113,"timeLastUsed":1603776477113,"timePasswordChanged":1603776477113,"timesUsed":1},{"id":2,"hostname":"https://myaccount.google.com","httpRealm":null,"formSubmitURL":"https://myaccount.google.com","usernameField":"username","passwordField":"password","encryptedUsername":"MEoEEPgAAAAAAAAAAAAAAAAAAAEwFAYIKoZIhvcNAwcECHx22zIWozNjBCBZbzABTISOHX9BKbWW4BzmrtZ7UGb1EGPxn1Y7JYQhoQ==","encryptedPassword":"MDoEEPgAAAAAAAAAAAAAAAAAAAEwFAYIKoZIhvcNAwcECKGqb3WFcqAtBBCJy4pVpR6Lxu3K0JwntKhw","guid":"{153d5ca2-57b3-4cd9-8b6f-678e4ef19d47}","encType":1,"timeCreated":1603776822782,"timeLastUsed":1603776822782,"timePasswordChanged":1603776822782,"timesUsed":1},{"id":3,"hostname":"https://myaccount.google.com","httpRealm":null,"formSubmitURL":"https://myaccount.google.com","usernameField":"username","passwordField":"password","encryptedUsername":"MEoEEPgAAAAAAAAAAAAAAAAAAAEwFAYIKoZIhvcNAwcECDYYK3MCQYUgBCAfYxJX7QF0k4kmYlfGJKtFI/bvLJyTCeiLOC3P1wjhoQ==","encryptedPassword":"MDoEEPgAAAAAAAAAAAAAAAAAAAEwFAYIKoZIhvcNAwcECMQWm1G/n4JxBBBUTdE3wVge5nXRxQ2pW+kj","guid":"{340ba48e-68d3-44c0-b134-5c68f452b767}","encType":1,"timeCreated":1603777206553,"timeLastUsed":1603777206553,"timePasswordChanged":1603777206553,"timesUsed":1},{"id":4,"hostname":"https://accounts.google.com","httpRealm":null,"formSubmitURL":"https://accounts.google.com","usernameField":"identifier","passwordField":"password","encryptedUsername":"MDoEEPgAAAAAAAAAAAAAAAAAAAEwFAYIKoZIhvcNAwcECOayruYEXOVhBBAhsKmG07Yx2x8Vk5mcIZeX","encryptedPassword":"MEIEEPgAAAAAAAAAAAAAAAAAAAEwFAYIKoZIhvcNAwcECA/O/vL+AUDwBBgrjxwrVJmlg7QvqWj1eiuCz4xkHyChM4A=","guid":"{a2699505-877c-4f96-8f84-54caf908fd63}","encType":1,"timeCreated":1603777341428,"timeLastUsed":1603777341428,"timePasswordChanged":1603777341428,"timesUsed":1},{"id":5,"hostname":"https://myaccount.google.com","httpRealm":null,"formSubmitURL":"https://myaccount.google.com","usernameField":"username","passwordField":"password","encryptedUsername":"MEIEEPgAAAAAAAAAAAAAAAAAAAEwFAYIKoZIhvcNAwcECKd7d8mD3WzmBBilAgW2UYYa3ODMl0AZr+VDBku2LrtxM+w=","encryptedPassword":"MDoEEPgAAAAAAAAAAAAAAAAAAAEwFAYIKoZIhvcNAwcECOrzl3+mKRHZBBCh0HlhpA+K2fQ52GyzN++z","guid":"{495f4087-0192-4b34-803a-ee206fd1685f}","encType":1,"timeCreated":1603777550244,"timeLastUsed":1603777550244,"timePasswordChanged":1603777550244,"timesUsed":1},{"id":6,"hostname":"https://accounts.google.com","httpRealm":null,"formSubmitURL":"https://accounts.google.com","usernameField":"identifier","passwordField":"password","encryptedUsername":"MDoEEPgAAAAAAAAAAAAAAAAAAAEwFAYIKoZIhvcNAwcECHKiw3nbfZtlBBCUmh0oxJLCf5oqfjT1aisC","encryptedPassword":"MEIEEPgAAAAAAAAAAAAAAAAAAAEwFAYIKoZIhvcNAwcECOvU6Ejub6YABBiWuRLM1YTbgeVRBRK3BqXmxgLVhj7ZPak=","guid":"{418e0028-63f6-4b44-9817-a2a8512f1642}","encType":1,"timeCreated":1603777669312,"timeLastUsed":1603777669312,"timePasswordChanged":1603777669312,"timesUsed":1},{"id":7,"hostname":"https://myaccount.google.com","httpRealm":null,"formSubmitURL":"https://myaccount.google.com","usernameField":"username","passwordField":"password","encryptedUsername":"MEoEEPgAAAAAAAAAAAAAAAAAAAEwFAYIKoZIhvcNAwcECOmqs308v9jlBCDbAuixOZdYjxibmCFIfuy8n3ywszjz5G27ORacxvG9VA==","encryptedPassword":"MDoEEPgAAAAAAAAAAAAAAAAAAAEwFAYIKoZIhvcNAwcECOaE39BZPkNJBBD+MWeLTOkbhPaK6kYt6xtX","guid":"{13fee6dd-c956-4f5f-87cc-9f7c1bd797db}","encType":1,"timeCreated":1603777853673,"timeLastUsed":1603777853673,"timePasswordChanged":1603777853673,"timesUsed":1},{"id":8,"hostname":"https://myaccount.google.com","httpRealm":null,"formSubmitURL":"https://myaccount.google.com","usernameField":"username","passwordField":"password","encryptedUsername":"MEIEEPgAAAAAAAAAAAAAAAAAAAEwFAYIKoZIhvcNAwcECPM0qBicPltPBBj0miKaUrqLAFju6auvxcVbijfjQn98+IY=","encryptedPassword":"MDoEEPgAAAAAAAAAAAAAAAAAAAEwFAYIKoZIhvcNAwcECP7d7xmDKy3xBBA/2u1SxKTqdi2E1LBI9bF9","guid":"{c66927b2-98a5-46b8-bf02-5cfb05eb2647}","encType":1,"timeCreated":1603778026923,"timeLastUsed":1603778026923,"timePasswordChanged":1603778026923,"timesUsed":1},{"id":9,"hostname":"https://accounts.google.com","httpRealm":null,"formSubmitURL":"https://accounts.google.com","usernameField":"identifier","passwordField":"password","encryptedUsername":"MDoEEPgAAAAAAAAAAAAAAAAAAAEwFAYIKoZIhvcNAwcECCwA5cXiCiQTBBBHpVo4zD/6rXMu8BfXUD+3","encryptedPassword":"MEIEEPgAAAAAAAAAAAAAAAAAAAEwFAYIKoZIhvcNAwcECNpDQ+ao5F6jBBgyeLRdurUPkhLFMMLZcA/946/izwaYTig=","guid":"{3549a0ee-ccbc-4c18-868d-e9f50ae7c02f}","encType":1,"timeCreated":1603778127187,"timeLastUsed":1603778127187,"timePasswordChanged":1603778127187,"timesUsed":1}],"potentiallyVulnerablePasswords":[],"dismissedBreachAlertsByLoginGUID":{},"version":3}