{"nextId":12,"logins":[{"id":1,"hostname":"https://myaccount.google.com","httpRealm":null,"formSubmitURL":"https://myaccount.google.com","usernameField":"username","passwordField":"password","encryptedUsername":"MEIEEPgAAAAAAAAAAAAAAAAAAAEwFAYIKoZIhvcNAwcECFYpwh6IpYyFBBiIvlkgg8nly6p+GPpm6YnBcv5R8ubBU8E=","encryptedPassword":"MDoEEPgAAAAAAAAAAAAAAAAAAAEwFAYIKoZIhvcNAwcECHldVvAXwNMBBBB4lLLy3DEoK63pENGItgLf","guid":"{68a104a6-2424-456a-90e3-a943ad33cd3b}","encType":1,"timeCreated":1603848387601,"timeLastUsed":1603848387601,"timePasswordChanged":1603848387601,"timesUsed":1},{"id":2,"hostname":"https://accounts.google.com","httpRealm":null,"formSubmitURL":"https://accounts.google.com","usernameField":"identifier","passwordField":"password","encryptedUsername":"MEIEEPgAAAAAAAAAAAAAAAAAAAEwFAYIKoZIhvcNAwcECInz++3HYgoNBBjsct2kYjjWcJxb1IZ4nBVY8nZthUzEebo=","encryptedPassword":"MDoEEPgAAAAAAAAAAAAAAAAAAAEwFAYIKoZIhvcNAwcECCdeKiQJisvPBBAr/5QsNgrNwrwYgP2j+ZNr","guid":"{92258b9a-2a0d-44ce-8aac-f31269fcbcde}","encType":1,"timeCreated":1603848408803,"timeLastUsed":1603848408803,"timePasswordChanged":1603848408803,"timesUsed":1},{"id":3,"hostname":"https://myaccount.google.com","httpRealm":null,"formSubmitURL":"https://myaccount.google.com","usernameField":"username","passwordField":"password","encryptedUsername":"MEoEEPgAAAAAAAAAAAAAAAAAAAEwFAYIKoZIhvcNAwcECBE1tyQoMUQqBCB+oKtsIE9YTDxsxNHZ6K49adPNOsPkNXHqjmdx8o/omQ==","encryptedPassword":"MDoEEPgAAAAAAAAAAAAAAAAAAAEwFAYIKoZIhvcNAwcECPZ89KYPez8bBBBOBSqluN0fs2haUMK2zDfA","guid":"{3b72039c-1623-46c3-b748-8217a4d60db6}","encType":1,"timeCreated":1603848687070,"timeLastUsed":1603848687070,"timePasswordChanged":1603848687070,"timesUsed":1},{"id":4,"hostname":"https://myaccount.google.com","httpRealm":null,"formSubmitURL":"https://myaccount.google.com","usernameField":"username","passwordField":"password","encryptedUsername":"MEoEEPgAAAAAAAAAAAAAAAAAAAEwFAYIKoZIhvcNAwcECK1IL6JLNuL4BCAtjh4E493i7UioJaBAUWz8RQb44Ct2FmuilT3houzm3A==","encryptedPassword":"MDoEEPgAAAAAAAAAAAAAAAAAAAEwFAYIKoZIhvcNAwcECHhbt2nzD3Q1BBAYrtEJK6ssQhjq1e7miXi0","guid":"{43c26f6e-9fc5-4db0-a3d4-658eed7bba83}","encType":1,"timeCreated":1603848762914,"timeLastUsed":1603848762914,"timePasswordChanged":1603848762914,"timesUsed":1},{"id":5,"hostname":"https://myaccount.google.com","httpRealm":null,"formSubmitURL":"https://myaccount.google.com","usernameField":"username","passwordField":"password","encryptedUsername":"MEoEEPgAAAAAAAAAAAAAAAAAAAEwFAYIKoZIhvcNAwcECKpuZ0ib2lhcBCApXRHGO8Rti7FDTU/k2KTlmvkhKMmrHrZU1G43iCtj3w==","encryptedPassword":"MDoEEPgAAAAAAAAAAAAAAAAAAAEwFAYIKoZIhvcNAwcECEjex3sPxuIdBBCEN8QZ1McKjpA4kHOA3U9U","guid":"{92e9aef1-b0a9-4535-90dd-94ceef6ef741}","encType":1,"timeCreated":1603848848149,"timeLastUsed":1603848848149,"timePasswordChanged":1603848848149,"timesUsed":1},{"id":6,"hostname":"https://myaccount.google.com","httpRealm":null,"formSubmitURL":"https://myaccount.google.com","usernameField":"username","passwordField":"password","encryptedUsername":"MEoEEPgAAAAAAAAAAAAAAAAAAAEwFAYIKoZIhvcNAwcECPpLRgjB+Zf0BCAptn8Uh0GV2FIiQ1wxkZDxZiPE0ctP6tMNf8PECiAZXg==","encryptedPassword":"MDoEEPgAAAAAAAAAAAAAAAAAAAEwFAYIKoZIhvcNAwcECN4x71EeJvBJBBDOsyF8tVvuBBu7qchQ5INO","guid":"{0b9ccda7-01f7-46d3-bc91-c3f739b19bb3}","encType":1,"timeCreated":1603848940975,"timeLastUsed":1603848940975,"timePasswordChanged":1603848940975,"timesUsed":1},{"id":7,"hostname":"https://accounts.google.com","httpRealm":null,"formSubmitURL":"https://accounts.google.com","usernameField":"identifier","passwordField":"password","encryptedUsername":"MDoEEPgAAAAAAAAAAAAAAAAAAAEwFAYIKoZIhvcNAwcECCzLbjOWwKo4BBD39s72s0W3k9xo2HVN+EBE","encryptedPassword":"MEIEEPgAAAAAAAAAAAAAAAAAAAEwFAYIKoZIhvcNAwcECM3L2DttgK/XBBhJJkwJWT2WREULNgB8hcKPZNIua6oQ+C0=","guid":"{50b8ad35-e1e0-42fc-822a-57714442b5cf}","encType":1,"timeCreated":1603849015033,"timeLastUsed":1603849015033,"timePasswordChanged":1603849015033,"timesUsed":1},{"id":8,"hostname":"https://myaccount.google.com","httpRealm":null,"formSubmitURL":"https://myaccount.google.com","usernameField":"username","passwordField":"password","encryptedUsername":"MEoEEPgAAAAAAAAAAAAAAAAAAAEwFAYIKoZIhvcNAwcECMoianYhzir7BCBCEs4ysuB2ZpJjDXuquwr2oDWdF9jHHQjVAJ6OtXyRzA==","encryptedPassword":"MDoEEPgAAAAAAAAAAAAAAAAAAAEwFAYIKoZIhvcNAwcECHkwg2/Mnf7IBBAvCnV2RfSR3KEkEP3xHL6F","guid":"{30adbd5c-41b2-4f45-bc5b-9231470cd688}","encType":1,"timeCreated":1603849168104,"timeLastUsed":1603849168104,"timePasswordChanged":1603849168104,"timesUsed":1},{"id":9,"hostname":"https://myaccount.google.com","httpRealm":null,"formSubmitURL":"https://myaccount.google.com","usernameField":"username","passwordField":"password","encryptedUsername":"MEoEEPgAAAAAAAAAAAAAAAAAAAEwFAYIKoZIhvcNAwcECESTeD/RvKT3BCB3X11CHhGOh3mQznyAF/Psu8BoUVGAQDfAiCtIaJZ1cQ==","encryptedPassword":"MDoEEPgAAAAAAAAAAAAAAAAAAAEwFAYIKoZIhvcNAwcECBc+04ThIw7vBBDNekox8TVSO4ueVN/I2oPk","guid":"{2097de88-de5a-40c4-b819-375688e0d6ef}","encType":1,"timeCreated":1603849281921,"timeLastUsed":1603849281921,"timePasswordChanged":1603849281921,"timesUsed":1},{"id":10,"hostname":"https://myaccount.google.com","httpRealm":null,"formSubmitURL":"https://myaccount.google.com","usernameField":"username","passwordField":"password","encryptedUsername":"MEoEEPgAAAAAAAAAAAAAAAAAAAEwFAYIKoZIhvcNAwcECIuakg4fKLQYBCAbj2P1yJnUoGwLIakIyAy1WQ7W9achV1wYoa4T8B5z2A==","encryptedPassword":"MDoEEPgAAAAAAAAAAAAAAAAAAAEwFAYIKoZIhvcNAwcECFJR1F06BfqvBBAU06YgzE748GKLYI0wmM69","guid":"{ea0ae10c-6112-4c01-b160-d1b4df5c4661}","encType":1,"timeCreated":1603849376951,"timeLastUsed":1603849376951,"timePasswordChanged":1603849376951,"timesUsed":1},{"id":11,"hostname":"https://myaccount.google.com","httpRealm":null,"formSubmitURL":"https://myaccount.google.com","usernameField":"username","passwordField":"password","encryptedUsername":"MEoEEPgAAAAAAAAAAAAAAAAAAAEwFAYIKoZIhvcNAwcECL0LzYNPhgnLBCD49n4JRzTk6HnAeFKU/8ekRJTwgDK1vP3v725OoN4Awg==","encryptedPassword":"MDoEEPgAAAAAAAAAAAAAAAAAAAEwFAYIKoZIhvcNAwcECLJt9nM03XqtBBA6MZvtEs3uWomU2bnggSch","guid":"{e3f18160-fef6-44eb-8bbd-8cf5c6af37e9}","encType":1,"timeCreated":1603849771598,"timeLastUsed":1603849771598,"timePasswordChanged":1603849771598,"timesUsed":1}],"potentiallyVulnerablePasswords":[],"dismissedBreachAlertsByLoginGUID":{},"version":3}