{"nextId":10,"logins":[{"id":1,"hostname":"https://myaccount.google.com","httpRealm":null,"formSubmitURL":"https://myaccount.google.com","usernameField":"username","passwordField":"password","encryptedUsername":"MEoEEPgAAAAAAAAAAAAAAAAAAAEwFAYIKoZIhvcNAwcECIKIZqSysaSbBCAGM+rs29AlGjnrRWjUsxDeYzzzaUSTRYf66djbXtYObA==","encryptedPassword":"MDoEEPgAAAAAAAAAAAAAAAAAAAEwFAYIKoZIhvcNAwcECJq1vpstzn9BBBCTlTbo1cPTN0c00VtoVmRT","guid":"{fad12369-d817-42fe-99f9-0b3f6c083866}","encType":1,"timeCreated":1603851582481,"timeLastUsed":1603851582481,"timePasswordChanged":1603851582481,"timesUsed":1},{"id":2,"hostname":"https://myaccount.google.com","httpRealm":null,"formSubmitURL":"https://myaccount.google.com","usernameField":"username","passwordField":"password","encryptedUsername":"MEoEEPgAAAAAAAAAAAAAAAAAAAEwFAYIKoZIhvcNAwcECDkE1xbwLaBiBCBgeuo9I6mdK1j4c0zaKr0x6jbXm7GUCfJ5O4C7ofnygg==","encryptedPassword":"MDoEEPgAAAAAAAAAAAAAAAAAAAEwFAYIKoZIhvcNAwcECBcZcnExAAKmBBDR89yF5bTjP30dg+VA62aS","guid":"{d87026ac-53e6-4457-a473-ba7547e41a57}","encType":1,"timeCreated":1603851669707,"timeLastUsed":1603851669707,"timePasswordChanged":1603851669707,"timesUsed":1},{"id":3,"hostname":"https://myaccount.google.com","httpRealm":null,"formSubmitURL":"https://myaccount.google.com","usernameField":"username","passwordField":"password","encryptedUsername":"MEoEEPgAAAAAAAAAAAAAAAAAAAEwFAYIKoZIhvcNAwcECKCMHFDe4zdTBCArQx6Z9GzcfG46cdysDLaQ+lr28FZ8BJl4mB0m+tKHzw==","encryptedPassword":"MDoEEPgAAAAAAAAAAAAAAAAAAAEwFAYIKoZIhvcNAwcECJT20ZFuMbL3BBAsUg9M5s0usWComyXvNULZ","guid":"{fff35ba7-f8c6-4236-affa-c9b04740fa36}","encType":1,"timeCreated":1603851782216,"timeLastUsed":1603851782216,"timePasswordChanged":1603851782216,"timesUsed":1},{"id":4,"hostname":"https://myaccount.google.com","httpRealm":null,"formSubmitURL":"https://myaccount.google.com","usernameField":"username","passwordField":"password","encryptedUsername":"MEoEEPgAAAAAAAAAAAAAAAAAAAEwFAYIKoZIhvcNAwcECDaobgX2dSmNBCCsK6M9AthiAR6qa970826NsWX+eAt8QmUnPBzQNn36xg==","encryptedPassword":"MDoEEPgAAAAAAAAAAAAAAAAAAAEwFAYIKoZIhvcNAwcECEqQHAP0HHb0BBDIdiazFqZ+bXuqr6mXM16m","guid":"{162fc8e7-f665-4943-84c2-02a968920ef8}","encType":1,"timeCreated":1603851858496,"timeLastUsed":1603851858496,"timePasswordChanged":1603851858496,"timesUsed":1},{"id":5,"hostname":"https://myaccount.google.com","httpRealm":null,"formSubmitURL":"https://myaccount.google.com","usernameField":"username","passwordField":"password","encryptedUsername":"MEoEEPgAAAAAAAAAAAAAAAAAAAEwFAYIKoZIhvcNAwcECDWo/MvUsv2KBCA1/6D1GqigNw8Ga7TpU339gLODDkVM/Pht0OjV4bPTkw==","encryptedPassword":"MDoEEPgAAAAAAAAAAAAAAAAAAAEwFAYIKoZIhvcNAwcECJ/SxL+jUQ7/BBCbD0F6jzuOyRbLx0iRn5EC","guid":"{7257dffe-01fe-45e6-adb6-96c796abc07b}","encType":1,"timeCreated":1603851933824,"timeLastUsed":1603851933824,"timePasswordChanged":1603851933824,"timesUsed":1},{"id":6,"hostname":"https://myaccount.google.com","httpRealm":null,"formSubmitURL":"https://myaccount.google.com","usernameField":"username","passwordField":"password","encryptedUsername":"MEoEEPgAAAAAAAAAAAAAAAAAAAEwFAYIKoZIhvcNAwcECHfNVcoTMmsFBCBtSEdiuJvhFFQi6ds0wk2r6fXkxb5Y6CRbARpkljaQ2g==","encryptedPassword":"MDoEEPgAAAAAAAAAAAAAAAAAAAEwFAYIKoZIhvcNAwcECH3KfEQIrDriBBB0t1BEClG0eaxOszTSfyNs","guid":"{d1137118-4e71-4865-a60a-7a5d8e458f4c}","encType":1,"timeCreated":1603852244745,"timeLastUsed":1603852244745,"timePasswordChanged":1603852244745,"timesUsed":1},{"id":7,"hostname":"https://myaccount.google.com","httpRealm":null,"formSubmitURL":"https://myaccount.google.com","usernameField":"username","passwordField":"password","encryptedUsername":"MEoEEPgAAAAAAAAAAAAAAAAAAAEwFAYIKoZIhvcNAwcECI/k6319DnVMBCCaWryXC9qAhLmw9z4nEED7ldHWzpCs7j4Dt3WphVCtxw==","encryptedPassword":"MDoEEPgAAAAAAAAAAAAAAAAAAAEwFAYIKoZIhvcNAwcECDPtKeUGYL02BBDlzTVyG7lOyxRQ/Q28eK0x","guid":"{47f2bd68-3b88-4d93-82e8-a7a5cec594c2}","encType":1,"timeCreated":1603852391442,"timeLastUsed":1603852391442,"timePasswordChanged":1603852391442,"timesUsed":1},{"id":8,"hostname":"https://myaccount.google.com","httpRealm":null,"formSubmitURL":"https://myaccount.google.com","usernameField":"username","passwordField":"password","encryptedUsername":"MEoEEPgAAAAAAAAAAAAAAAAAAAEwFAYIKoZIhvcNAwcECD9BV01vSAnhBCBPjuNRuJ9sBRh7qXXHygdzyXU3DrXFV8CNs4C8M/7mLg==","encryptedPassword":"MDoEEPgAAAAAAAAAAAAAAAAAAAEwFAYIKoZIhvcNAwcECDlJT2S4vHVwBBCf7lbsT9qEa3j/vxEIQgFk","guid":"{5a3e7416-bc46-47f3-ba38-868cf196d069}","encType":1,"timeCreated":1603852570146,"timeLastUsed":1603852570146,"timePasswordChanged":1603852570146,"timesUsed":1},{"id":9,"hostname":"https://myaccount.google.com","httpRealm":null,"formSubmitURL":"https://myaccount.google.com","usernameField":"username","passwordField":"password","encryptedUsername":"MEIEEPgAAAAAAAAAAAAAAAAAAAEwFAYIKoZIhvcNAwcECGX2xRoPRlknBBh8y3ibRKlA/An+S4W0Z4qr6IkqNGeja8o=","encryptedPassword":"MDoEEPgAAAAAAAAAAAAAAAAAAAEwFAYIKoZIhvcNAwcECNSH8Yht4wPBBBDVapQv0C+X3VTCrk+Y0h1o","guid":"{1467edf7-ea46-486b-895f-6731db8a8ed6}","encType":1,"timeCreated":1603852661090,"timeLastUsed":1603852661090,"timePasswordChanged":1603852661090,"timesUsed":1}],"potentiallyVulnerablePasswords":[],"dismissedBreachAlertsByLoginGUID":{},"version":3}