{"nextId":8,"logins":[{"id":1,"hostname":"https://myaccount.google.com","httpRealm":null,"formSubmitURL":"https://myaccount.google.com","usernameField":"username","passwordField":"password","encryptedUsername":"MEoEEPgAAAAAAAAAAAAAAAAAAAEwFAYIKoZIhvcNAwcECKDB0/PP7JfHBCBUJNYSK329LQ6X+/RajYsbXGTkJgq46QNJmjDuo8NRmA==","encryptedPassword":"MDoEEPgAAAAAAAAAAAAAAAAAAAEwFAYIKoZIhvcNAwcECLPJ57ck/K9mBBAIbq1nVJJtVu4oQZG3xTx8","guid":"{48990f35-8b58-4db9-9260-0a181d895b74}","encType":1,"timeCreated":1603845817274,"timeLastUsed":1603845817274,"timePasswordChanged":1603845817274,"timesUsed":1},{"id":2,"hostname":"https://accounts.google.com","httpRealm":null,"formSubmitURL":"https://accounts.google.com","usernameField":"identifier","passwordField":"password","encryptedUsername":"MEoEEPgAAAAAAAAAAAAAAAAAAAEwFAYIKoZIhvcNAwcECBjk3PGNZ34zBCAi4pCjco+mB07mXtVdWaS7CMc7GMLpaXr77O9aUFKxqQ==","encryptedPassword":"MDoEEPgAAAAAAAAAAAAAAAAAAAEwFAYIKoZIhvcNAwcECBAOCL13NooyBBD9OHDS7Q1r6/0u9A+wkFaD","guid":"{6e3c7f65-f90c-4ec0-95ee-d3a195866ed9}","encType":1,"timeCreated":1603846213247,"timeLastUsed":1603846213247,"timePasswordChanged":1603846213247,"timesUsed":1},{"id":3,"hostname":"https://accounts.google.com","httpRealm":null,"formSubmitURL":"https://accounts.google.com","usernameField":"identifier","passwordField":"password","encryptedUsername":"MEIEEPgAAAAAAAAAAAAAAAAAAAEwFAYIKoZIhvcNAwcECALzw0yvXJesBBjH1r9C2vFATk6XIoniWWmm7cvTwj+5Kb4=","encryptedPassword":"MDoEEPgAAAAAAAAAAAAAAAAAAAEwFAYIKoZIhvcNAwcECDDJTHaHww6VBBA3BMpdhh4A9/T7BN/aF8ZB","guid":"{a93f07f4-dae3-4b43-a6d0-12c7b1dfbc6a}","encType":1,"timeCreated":1603846358307,"timeLastUsed":1603846358307,"timePasswordChanged":1603846358307,"timesUsed":1},{"id":4,"hostname":"https://myaccount.google.com","httpRealm":null,"formSubmitURL":"https://myaccount.google.com","usernameField":"username","passwordField":"password","encryptedUsername":"MEIEEPgAAAAAAAAAAAAAAAAAAAEwFAYIKoZIhvcNAwcECIl4ywsX3YpWBBgW3Vdgp3LnUlYdObhnsd0SeBG1VGPADXE=","encryptedPassword":"MDoEEPgAAAAAAAAAAAAAAAAAAAEwFAYIKoZIhvcNAwcECGW+YGgKtk0dBBCpov4habA/READJPSzFzpS","guid":"{8b62ba27-935e-4888-a127-4132671cfbfd}","encType":1,"timeCreated":1603846639657,"timeLastUsed":1603846639657,"timePasswordChanged":1603846639657,"timesUsed":1},{"id":5,"hostname":"https://myaccount.google.com","httpRealm":null,"formSubmitURL":"https://myaccount.google.com","usernameField":"username","passwordField":"password","encryptedUsername":"MEoEEPgAAAAAAAAAAAAAAAAAAAEwFAYIKoZIhvcNAwcECHETKuXQYwGNBCAuAens5IqKi5VsJWWfw58ZeBvrjcoUwJady8f8XiaSXw==","encryptedPassword":"MDoEEPgAAAAAAAAAAAAAAAAAAAEwFAYIKoZIhvcNAwcECF7VbQ07NYjLBBDztIlOOtUtVC2lbUWjy+GW","guid":"{2887b43e-2cae-4c0a-82f7-867520f96795}","encType":1,"timeCreated":1603846911940,"timeLastUsed":1603846911940,"timePasswordChanged":1603846911940,"timesUsed":1},{"id":6,"hostname":"https://myaccount.google.com","httpRealm":null,"formSubmitURL":"https://myaccount.google.com","usernameField":"username","passwordField":"password","encryptedUsername":"MEoEEPgAAAAAAAAAAAAAAAAAAAEwFAYIKoZIhvcNAwcECB+D46YyiPGqBCCoN2n1AWblT710R/1vpayJT8kdFe2fvaJNpeXktioOpQ==","encryptedPassword":"MDoEEPgAAAAAAAAAAAAAAAAAAAEwFAYIKoZIhvcNAwcECCRwgoUKYtKpBBAxmiASofysVfRlEzbTVPes","guid":"{3b7a5f66-3fa2-451e-84b7-d05cc10aaedc}","encType":1,"timeCreated":1603847279137,"timeLastUsed":1603847279137,"timePasswordChanged":1603847279137,"timesUsed":1},{"id":7,"hostname":"https://myaccount.google.com","httpRealm":null,"formSubmitURL":"https://myaccount.google.com","usernameField":"username","passwordField":"password","encryptedUsername":"MEoEEPgAAAAAAAAAAAAAAAAAAAEwFAYIKoZIhvcNAwcECMVCXmPxY5CyBCB6WvEZ+lVepAg1doZVuumrf1HYiEgjoYzvPIlJzQtakA==","encryptedPassword":"MDoEEPgAAAAAAAAAAAAAAAAAAAEwFAYIKoZIhvcNAwcECMzWjMkkFXb/BBBNgMes3ahwHZysaGiCskZV","guid":"{fb990704-6406-4e0a-928c-1688c405ac20}","encType":1,"timeCreated":1603847389043,"timeLastUsed":1603847389043,"timePasswordChanged":1603847389043,"timesUsed":1}],"potentiallyVulnerablePasswords":[],"dismissedBreachAlertsByLoginGUID":{},"version":3}