{"experiments":{"bug-1626481-pref-feature-impact-study-for-enhanced-tracking-protec-release-72-80":{"slug":"bug-1626481-pref-feature-impact-study-for-enhanced-tracking-protec-release-72-80","actionName":"PreferenceExperimentAction","branch":"treatment-branch","expired":false,"lastSeen":"2020-10-28T00:46:10.569Z","preferences":{"browser.search.param.google_channel_us":{"preferenceType":"string","preferenceValue":"tus2","preferenceBranchType":"default","previousPreferenceValue":null},"browser.search.param.google_channel_row":{"preferenceType":"string","preferenceValue":"trow2","preferenceBranchType":"default","previousPreferenceValue":null},"privacy.annotate_channels.strict_list.enabled":{"preferenceType":"boolean","preferenceValue":true,"preferenceBranchType":"default","previousPreferenceValue":false},"urlclassifier.trackingAnnotationTable.testEntries":{"preferenceType":"string","preferenceValue":"etp-experiment-1.dummytracker.org","preferenceBranchType":"default","previousPreferenceValue":null}},"experimentType":"exp","userFacingName":"ETP Level 2 study","userFacingDescription":"This study is examining the effects of Enhanced Tracking Protection Level 2.","enrollmentId":"3f1ca0f1-1e8e-4cf3-917a-838d9106cc6a","temporaryErrorDeadline":null}}}